dataset,algorithm,cache_misses,total_requests,miss_ratio,empirical_competitive_ratio,improvement_vs_mark_percent,selected_cache_size,split_mode,seed,selected_hedge_learning_rate,validation_mae
xalanc,Belady/OPT,5499,8640,0.6364583333333333,1.0,30.418828293053267,241,official,42,1.0,48693.025309193996
xalanc,HedgeFullDelayed(eta=1.0),6900,8640,0.7986111111111112,1.254773595199127,12.69138301910667,241,official,42,1.0,48693.025309193996
xalanc,MARK,7903,8640,0.914699074074074,1.4371703946172032,0.0,241,official,42,1.0,48693.025309193996
